ngens,dimension,mean,std
10,6,20.311356800866257,2.0752814438026923
100,6,20.311356800866257,2.0752814438026923
1000,6,20.311356800866257,2.0752814438026923
5000,6,20.311356800866257,2.0752814438026923
